Student ID,Topic,Score,Time Taken (seconds),Feedback,Recommended Path,Attempts
S001,Time Speed and Distance,4,764,Speed Test,Level 1 → Level 2 → Speed Test,4
S002,Time and Work,16,643,Level 2,Level 1 → Level 2 → Speed Test,2
S003,Time Speed and Distance,36,318,Level 1,Speed Test → Level 1 → Level 2,5
S004,Time and Work,12,376,Speed Test,Speed Test → Level 1 → Level 2,4
S005,Time Speed and Distance,4,169,Level 1,Level 1 → Level 2 → Speed Test,4
S006,Time and Work,36,718,Level 1,Level 1 → Level 2 → Speed Test,1
S007,Time and Work,0,399,Level 2,Level 1 → Level 2 → Speed Test,4
S008,Time and Work,0,660,Level 2,Level 2 → Level 1 → Speed Test,2
S009,Time Speed and Distance,32,616,Level 1,Level 1 → Level 2 → Speed Test,1
S010,Percentages,16,814,Speed Test,Level 1 → Level 2 → Speed Test,2
S011,Percentages,4,890,Level 2,Speed Test → Level 1 → Level 2,1
S012,Percentages,16,799,Speed Test,Speed Test → Level 1 → Level 2,4
S013,Time and Work,8,171,Level 2,Level 1 → Level 2 → Speed Test,2
S014,Time Speed and Distance,32,643,Speed Test,Level 1 → Level 2 → Speed Test,5
S015,Time Speed and Distance,32,506,Level 2,Level 1 → Level 2 → Speed Test,5
S016,Percentages,28,596,Level 2,Level 1 → Speed Test → Level 2,5
S017,Time and Work,8,264,Level 2,Level 1 → Speed Test → Level 2,4
S018,Percentages,0,290,Level 2,Level 2 → Level 1 → Speed Test,4
S019,Time Speed and Distance,24,174,Speed Test,Speed Test → Level 1 → Level 2,3
S020,Time Speed and Distance,32,491,Level 1,Level 2 → Level 1 → Speed Test,5
S021,Time Speed and Distance,8,341,Speed Test,Speed Test → Level 1 → Level 2,5
S022,Time Speed and Distance,32,371,Level 1,Level 1 → Speed Test → Level 2,3
S023,Percentages,0,302,Level 1,Level 2 → Level 1 → Speed Test,3
S024,Time Speed and Distance,0,736,Speed Test,Level 2 → Level 1 → Speed Test,5
S025,Time Speed and Distance,32,777,Level 1,Level 1 → Level 2 → Speed Test,5
S026,Time Speed and Distance,24,472,Level 1,Level 1 → Level 2 → Speed Test,1
S027,Percentages,36,813,Level 1,Level 1 → Speed Test → Level 2,5
S028,Time and Work,8,394,Level 2,Speed Test → Level 1 → Level 2,5
S029,Percentages,40,686,Level 2,Level 2 → Level 1 → Speed Test,1
S030,Percentages,0,263,Level 1,Level 2 → Level 1 → Speed Test,3
S031,Time Speed and Distance,20,491,Level 2,Level 1 → Level 2 → Speed Test,3
S032,Time Speed and Distance,8,266,Speed Test,Level 1 → Speed Test → Level 2,3
S033,Percentages,24,291,Level 2,Level 1 → Level 2 → Speed Test,4
S034,Percentages,28,119,Speed Test,Speed Test → Level 1 → Level 2,3
S035,Time Speed and Distance,4,155,Level 2,Level 1 → Level 2 → Speed Test,4
S036,Time Speed and Distance,20,673,Level 1,Level 2 → Level 1 → Speed Test,5
S037,Percentages,12,887,Level 2,Level 1 → Level 2 → Speed Test,5
S038,Time Speed and Distance,36,142,Level 2,Level 2 → Level 1 → Speed Test,4
S039,Time Speed and Distance,12,894,Level 1,Level 1 → Level 2 → Speed Test,3
S040,Time and Work,16,654,Level 2,Speed Test → Level 1 → Level 2,1
S041,Time Speed and Distance,28,529,Level 2,Level 1 → Speed Test → Level 2,1
S042,Time and Work,32,662,Level 1,Level 1 → Speed Test → Level 2,3
S043,Time and Work,8,701,Speed Test,Level 1 → Speed Test → Level 2,4
S044,Percentages,16,462,Level 2,Level 1 → Level 2 → Speed Test,3
S045,Time and Work,24,624,Level 2,Level 1 → Speed Test → Level 2,1
S046,Time Speed and Distance,32,697,Level 1,Level 1 → Speed Test → Level 2,5
S047,Percentages,20,697,Level 1,Level 1 → Level 2 → Speed Test,2
S048,Time Speed and Distance,28,616,Speed Test,Level 2 → Level 1 → Speed Test,2
S049,Time Speed and Distance,28,691,Level 1,Level 2 → Level 1 → Speed Test,3
S050,Time and Work,36,615,Speed Test,Speed Test → Level 1 → Level 2,2
S051,Time Speed and Distance,36,855,Speed Test,Level 1 → Level 2 → Speed Test,2
S052,Time Speed and Distance,24,695,Speed Test,Level 1 → Speed Test → Level 2,5
S053,Time Speed and Distance,40,622,Speed Test,Level 1 → Speed Test → Level 2,3
S054,Time Speed and Distance,40,637,Level 2,Level 2 → Level 1 → Speed Test,4
S055,Percentages,36,443,Speed Test,Level 1 → Level 2 → Speed Test,1
S056,Time Speed and Distance,24,632,Level 1,Level 1 → Speed Test → Level 2,1
S057,Percentages,4,491,Level 1,Speed Test → Level 1 → Level 2,3
S058,Percentages,40,494,Level 2,Level 1 → Level 2 → Speed Test,4
S059,Percentages,36,825,Speed Test,Level 1 → Speed Test → Level 2,5
S060,Percentages,20,771,Level 2,Level 1 → Speed Test → Level 2,2
S061,Time Speed and Distance,40,380,Level 1,Speed Test → Level 1 → Level 2,1
S062,Time and Work,40,492,Level 1,Level 1 → Level 2 → Speed Test,1
S063,Time Speed and Distance,8,788,Level 2,Speed Test → Level 1 → Level 2,3
S064,Time and Work,24,719,Level 2,Level 1 → Level 2 → Speed Test,1
S065,Percentages,28,252,Level 1,Level 1 → Level 2 → Speed Test,5
S066,Time and Work,40,895,Speed Test,Level 2 → Level 1 → Speed Test,1
S067,Time and Work,24,603,Speed Test,Level 2 → Level 1 → Speed Test,2
S068,Percentages,16,718,Level 1,Level 1 → Speed Test → Level 2,4
S069,Percentages,28,782,Level 1,Level 1 → Speed Test → Level 2,3
S070,Time and Work,20,453,Speed Test,Speed Test → Level 1 → Level 2,4
S071,Percentages,20,778,Speed Test,Level 1 → Speed Test → Level 2,5
S072,Time and Work,16,431,Speed Test,Level 1 → Level 2 → Speed Test,3
S073,Time and Work,40,420,Speed Test,Level 1 → Level 2 → Speed Test,2
S074,Percentages,28,351,Speed Test,Level 2 → Level 1 → Speed Test,1
S075,Time Speed and Distance,16,396,Level 1,Level 1 → Speed Test → Level 2,3
S076,Time and Work,20,290,Speed Test,Level 2 → Level 1 → Speed Test,3
S077,Time Speed and Distance,40,467,Level 1,Level 2 → Level 1 → Speed Test,4
S078,Time Speed and Distance,12,618,Level 1,Speed Test → Level 1 → Level 2,2
S079,Percentages,4,387,Level 2,Level 1 → Level 2 → Speed Test,1
S080,Time and Work,12,712,Level 2,Level 1 → Level 2 → Speed Test,2
S081,Time and Work,0,239,Level 1,Level 1 → Speed Test → Level 2,1
S082,Time Speed and Distance,32,524,Speed Test,Level 1 → Level 2 → Speed Test,1
S083,Time and Work,0,617,Speed Test,Level 1 → Level 2 → Speed Test,3
S084,Percentages,32,760,Speed Test,Speed Test → Level 1 → Level 2,3
S085,Percentages,8,497,Speed Test,Level 2 → Level 1 → Speed Test,4
S086,Time and Work,0,493,Level 1,Level 1 → Speed Test → Level 2,3
S087,Time Speed and Distance,24,504,Speed Test,Level 1 → Level 2 → Speed Test,1
S088,Time and Work,0,565,Level 2,Speed Test → Level 1 → Level 2,1
S089,Percentages,4,718,Level 1,Speed Test → Level 1 → Level 2,3
S090,Time and Work,4,474,Speed Test,Level 1 → Level 2 → Speed Test,3
S091,Time Speed and Distance,32,625,Level 2,Level 1 → Speed Test → Level 2,3
S092,Time Speed and Distance,4,528,Level 1,Level 1 → Speed Test → Level 2,4
S093,Time Speed and Distance,36,518,Speed Test,Level 2 → Level 1 → Speed Test,2
S094,Time Speed and Distance,16,650,Level 1,Speed Test → Level 1 → Level 2,5
S095,Time Speed and Distance,8,628,Level 2,Speed Test → Level 1 → Level 2,2
S096,Percentages,12,502,Level 1,Speed Test → Level 1 → Level 2,5
S097,Time Speed and Distance,8,199,Level 2,Level 2 → Level 1 → Speed Test,2
S098,Percentages,8,873,Speed Test,Level 1 → Speed Test → Level 2,4
S099,Time Speed and Distance,0,227,Level 2,Level 2 → Level 1 → Speed Test,4
S100,Time and Work,16,315,Level 1,Level 1 → Level 2 → Speed Test,3
S101,Time Speed and Distance,36,858,Speed Test,Level 2 → Level 1 → Speed Test,2
S102,Time and Work,40,693,Level 1,Level 1 → Level 2 → Speed Test,4
S103,Time Speed and Distance,20,152,Speed Test,Speed Test → Level 1 → Level 2,1
S104,Time and Work,0,712,Level 2,Level 2 → Level 1 → Speed Test,5
S105,Time Speed and Distance,40,156,Level 1,Level 2 → Level 1 → Speed Test,1
S106,Time and Work,20,255,Level 2,Speed Test → Level 1 → Level 2,5
S107,Time and Work,20,728,Level 1,Level 1 → Level 2 → Speed Test,1
S108,Time Speed and Distance,40,239,Speed Test,Speed Test → Level 1 → Level 2,1
S109,Time and Work,24,406,Speed Test,Level 1 → Speed Test → Level 2,3
S110,Time Speed and Distance,8,288,Speed Test,Level 2 → Level 1 → Speed Test,1
S111,Percentages,24,118,Speed Test,Speed Test → Level 1 → Level 2,4
S112,Percentages,0,176,Speed Test,Level 2 → Level 1 → Speed Test,2
S113,Percentages,4,803,Level 1,Level 2 → Level 1 → Speed Test,2
S114,Percentages,40,421,Level 1,Level 1 → Level 2 → Speed Test,1
S115,Percentages,36,385,Level 2,Level 2 → Level 1 → Speed Test,4
S116,Percentages,12,666,Level 2,Level 1 → Speed Test → Level 2,1
S117,Time Speed and Distance,20,717,Speed Test,Level 2 → Level 1 → Speed Test,2
S118,Time Speed and Distance,20,891,Speed Test,Level 1 → Speed Test → Level 2,4
S119,Percentages,16,804,Speed Test,Level 1 → Level 2 → Speed Test,5
S120,Time and Work,8,125,Level 2,Level 1 → Speed Test → Level 2,2
S121,Time and Work,36,170,Level 2,Speed Test → Level 1 → Level 2,5
S122,Time Speed and Distance,8,868,Speed Test,Level 2 → Level 1 → Speed Test,4
S123,Time Speed and Distance,4,785,Speed Test,Level 1 → Speed Test → Level 2,2
S124,Time Speed and Distance,4,644,Level 2,Level 1 → Speed Test → Level 2,3
S125,Time Speed and Distance,32,159,Level 1,Level 2 → Level 1 → Speed Test,5
S126,Time and Work,24,113,Speed Test,Speed Test → Level 1 → Level 2,1
S127,Time Speed and Distance,12,646,Speed Test,Level 1 → Speed Test → Level 2,4
S128,Time Speed and Distance,8,713,Speed Test,Speed Test → Level 1 → Level 2,1
S129,Time Speed and Distance,32,578,Level 2,Speed Test → Level 1 → Level 2,1
S130,Time Speed and Distance,32,234,Level 2,Speed Test → Level 1 → Level 2,4
S131,Time Speed and Distance,20,673,Speed Test,Level 1 → Speed Test → Level 2,5
S132,Percentages,16,721,Speed Test,Level 2 → Level 1 → Speed Test,2
S133,Time Speed and Distance,40,882,Speed Test,Speed Test → Level 1 → Level 2,2
S134,Time Speed and Distance,0,765,Level 1,Level 1 → Level 2 → Speed Test,1
S135,Percentages,24,432,Speed Test,Level 2 → Level 1 → Speed Test,5
S136,Percentages,4,695,Level 2,Level 1 → Speed Test → Level 2,4
S137,Time Speed and Distance,24,192,Speed Test,Speed Test → Level 1 → Level 2,4
S138,Time Speed and Distance,0,351,Level 2,Level 1 → Speed Test → Level 2,4
S139,Time and Work,8,193,Speed Test,Speed Test → Level 1 → Level 2,5
S140,Time Speed and Distance,16,504,Speed Test,Level 2 → Level 1 → Speed Test,3
S141,Percentages,16,600,Level 1,Level 2 → Level 1 → Speed Test,5
S142,Percentages,32,159,Level 2,Level 2 → Level 1 → Speed Test,3
S143,Time and Work,12,480,Level 2,Level 1 → Speed Test → Level 2,3
S144,Percentages,12,118,Level 2,Level 2 → Level 1 → Speed Test,2
S145,Percentages,12,123,Level 1,Level 1 → Level 2 → Speed Test,4
S146,Percentages,8,541,Level 1,Level 1 → Speed Test → Level 2,4
S147,Time and Work,36,428,Speed Test,Level 1 → Speed Test → Level 2,5
S148,Time Speed and Distance,8,125,Speed Test,Speed Test → Level 1 → Level 2,4
S149,Time Speed and Distance,28,560,Speed Test,Speed Test → Level 1 → Level 2,1
S150,Time and Work,20,658,Level 2,Level 2 → Level 1 → Speed Test,2
S151,Percentages,8,664,Speed Test,Level 1 → Level 2 → Speed Test,1
S152,Time Speed and Distance,0,693,Speed Test,Speed Test → Level 1 → Level 2,4
S153,Time and Work,12,327,Level 2,Level 1 → Speed Test → Level 2,5
S154,Time and Work,8,645,Speed Test,Level 1 → Speed Test → Level 2,4
S155,Time and Work,40,528,Level 1,Level 2 → Level 1 → Speed Test,1
S156,Percentages,40,812,Level 1,Speed Test → Level 1 → Level 2,4
S157,Percentages,16,281,Speed Test,Level 2 → Level 1 → Speed Test,5
S158,Time and Work,0,670,Level 1,Level 2 → Level 1 → Speed Test,3
S159,Percentages,4,700,Level 2,Level 2 → Level 1 → Speed Test,4
S160,Time Speed and Distance,32,675,Level 1,Level 2 → Level 1 → Speed Test,5
S161,Percentages,16,720,Level 2,Level 1 → Level 2 → Speed Test,5
S162,Percentages,0,655,Level 1,Speed Test → Level 1 → Level 2,5
S163,Time Speed and Distance,0,885,Speed Test,Level 1 → Level 2 → Speed Test,5
S164,Percentages,36,136,Speed Test,Level 2 → Level 1 → Speed Test,4
S165,Percentages,20,567,Level 1,Speed Test → Level 1 → Level 2,1
S166,Percentages,36,485,Level 1,Level 2 → Level 1 → Speed Test,4
S167,Time Speed and Distance,0,721,Speed Test,Level 1 → Level 2 → Speed Test,1
S168,Percentages,24,260,Speed Test,Level 2 → Level 1 → Speed Test,3
S169,Time Speed and Distance,40,430,Level 2,Speed Test → Level 1 → Level 2,1
S170,Percentages,40,515,Level 2,Level 1 → Level 2 → Speed Test,1
S171,Percentages,40,774,Speed Test,Level 2 → Level 1 → Speed Test,4
S172,Percentages,36,154,Level 2,Level 1 → Speed Test → Level 2,5
S173,Time and Work,4,203,Speed Test,Speed Test → Level 1 → Level 2,1
S174,Time and Work,0,687,Speed Test,Speed Test → Level 1 → Level 2,3
S175,Percentages,24,398,Level 1,Level 1 → Level 2 → Speed Test,4
S176,Percentages,40,288,Level 1,Level 2 → Level 1 → Speed Test,4
S177,Percentages,28,379,Level 2,Level 2 → Level 1 → Speed Test,2
S178,Time Speed and Distance,16,749,Level 2,Speed Test → Level 1 → Level 2,1
S179,Percentages,12,765,Speed Test,Level 1 → Speed Test → Level 2,5
S180,Time Speed and Distance,40,391,Speed Test,Level 1 → Speed Test → Level 2,1
S181,Time and Work,40,616,Level 2,Level 1 → Speed Test → Level 2,1
S182,Time and Work,4,628,Speed Test,Level 1 → Level 2 → Speed Test,5
S183,Time Speed and Distance,32,875,Level 1,Level 2 → Level 1 → Speed Test,5
S184,Percentages,28,764,Level 2,Level 1 → Speed Test → Level 2,5
S185,Time Speed and Distance,36,659,Level 1,Speed Test → Level 1 → Level 2,5
S186,Time and Work,20,478,Level 2,Speed Test → Level 1 → Level 2,4
S187,Percentages,12,282,Level 1,Level 1 → Speed Test → Level 2,5
S188,Time Speed and Distance,12,374,Speed Test,Level 1 → Speed Test → Level 2,4
S189,Time Speed and Distance,16,233,Level 2,Speed Test → Level 1 → Level 2,2
S190,Percentages,20,167,Level 1,Level 1 → Speed Test → Level 2,4
S191,Time and Work,36,587,Speed Test,Level 2 → Level 1 → Speed Test,3
S192,Percentages,24,337,Level 1,Speed Test → Level 1 → Level 2,1
S193,Time and Work,16,739,Level 1,Speed Test → Level 1 → Level 2,3
S194,Time Speed and Distance,12,489,Speed Test,Level 1 → Level 2 → Speed Test,5
S195,Time Speed and Distance,36,653,Level 2,Speed Test → Level 1 → Level 2,2
S196,Time and Work,28,755,Speed Test,Level 1 → Speed Test → Level 2,2
S197,Time and Work,8,430,Speed Test,Level 1 → Level 2 → Speed Test,2
S198,Time and Work,24,146,Speed Test,Level 1 → Level 2 → Speed Test,5
S199,Time and Work,16,199,Level 1,Level 1 → Speed Test → Level 2,2
S200,Percentages,40,511,Speed Test,Speed Test → Level 1 → Level 2,3
S201,Time Speed and Distance,4,764,Speed Test,Level 1 → Level 2 → Speed Test,4
S202,Time and Work,16,643,Level 2,Level 1 → Level 2 → Speed Test,2
S203,Time Speed and Distance,36,318,Level 1,Speed Test → Level 1 → Level 2,5
S204,Time and Work,12,376,Speed Test,Speed Test → Level 1 → Level 2,4
S205,Time Speed and Distance,4,169,Level 1,Level 1 → Level 2 → Speed Test,4
S206,Time and Work,36,718,Level 1,Level 1 → Level 2 → Speed Test,1
S207,Time and Work,0,399,Level 2,Level 1 → Level 2 → Speed Test,4
S208,Time and Work,0,660,Level 2,Level 2 → Level 1 → Speed Test,2
S209,Time Speed and Distance,32,616,Level 1,Level 1 → Level 2 → Speed Test,1
S210,Percentages,16,814,Speed Test,Level 1 → Level 2 → Speed Test,2
S211,Percentages,4,890,Level 2,Speed Test → Level 1 → Level 2,1
S212,Percentages,16,799,Speed Test,Speed Test → Level 1 → Level 2,4
S213,Time and Work,8,171,Level 2,Level 1 → Level 2 → Speed Test,2
S214,Time Speed and Distance,32,643,Speed Test,Level 1 → Level 2 → Speed Test,5
S215,Time Speed and Distance,32,506,Level 2,Level 1 → Level 2 → Speed Test,5
S216,Percentages,28,596,Level 2,Level 1 → Speed Test → Level 2,5
S217,Time and Work,8,264,Level 2,Level 1 → Speed Test → Level 2,4
S218,Percentages,0,290,Level 2,Level 2 → Level 1 → Speed Test,4
S219,Time Speed and Distance,24,174,Speed Test,Speed Test → Level 1 → Level 2,3
S220,Time Speed and Distance,32,491,Level 1,Level 2 → Level 1 → Speed Test,5
S221,Time Speed and Distance,8,341,Speed Test,Speed Test → Level 1 → Level 2,5
S222,Time Speed and Distance,32,371,Level 1,Level 1 → Speed Test → Level 2,3
S223,Percentages,0,302,Level 1,Level 2 → Level 1 → Speed Test,3
S224,Time Speed and Distance,0,736,Speed Test,Level 2 → Level 1 → Speed Test,5
S225,Time Speed and Distance,32,777,Level 1,Level 1 → Level 2 → Speed Test,5
S226,Time Speed and Distance,24,472,Level 1,Level 1 → Level 2 → Speed Test,1
S227,Percentages,36,813,Level 1,Level 1 → Speed Test → Level 2,5
S228,Time and Work,8,394,Level 2,Speed Test → Level 1 → Level 2,5
S229,Percentages,40,686,Level 2,Level 2 → Level 1 → Speed Test,1
S230,Percentages,0,263,Level 1,Level 2 → Level 1 → Speed Test,3
S231,Time Speed and Distance,20,491,Level 2,Level 1 → Level 2 → Speed Test,3
S232,Time Speed and Distance,8,266,Speed Test,Level 1 → Speed Test → Level 2,3
S233,Percentages,24,291,Level 2,Level 1 → Level 2 → Speed Test,4
S234,Percentages,28,119,Speed Test,Speed Test → Level 1 → Level 2,3
S235,Time Speed and Distance,4,155,Level 2,Level 1 → Level 2 → Speed Test,4
S236,Time Speed and Distance,20,673,Level 1,Level 2 → Level 1 → Speed Test,5
S237,Percentages,12,887,Level 2,Level 1 → Level 2 → Speed Test,5
S238,Time Speed and Distance,36,142,Level 2,Level 2 → Level 1 → Speed Test,4
S239,Time Speed and Distance,12,894,Level 1,Level 1 → Level 2 → Speed Test,3
S240,Time and Work,16,654,Level 2,Speed Test → Level 1 → Level 2,1
S241,Time Speed and Distance,28,529,Level 2,Level 1 → Speed Test → Level 2,1
S242,Time and Work,32,662,Level 1,Level 1 → Speed Test → Level 2,3
S243,Time and Work,8,701,Speed Test,Level 1 → Speed Test → Level 2,4
S244,Percentages,16,462,Level 2,Level 1 → Level 2 → Speed Test,3
S245,Time and Work,24,624,Level 2,Level 1 → Speed Test → Level 2,1
S246,Time Speed and Distance,32,697,Level 1,Level 1 → Speed Test → Level 2,5
S247,Percentages,20,697,Level 1,Level 1 → Level 2 → Speed Test,2
S248,Time Speed and Distance,28,616,Speed Test,Level 2 → Level 1 → Speed Test,2
S249,Time Speed and Distance,28,691,Level 1,Level 2 → Level 1 → Speed Test,3
S250,Time and Work,36,615,Speed Test,Speed Test → Level 1 → Level 2,2
S251,Time Speed and Distance,36,855,Speed Test,Level 1 → Level 2 → Speed Test,2
S252,Time Speed and Distance,24,695,Speed Test,Level 1 → Speed Test → Level 2,5
S253,Time Speed and Distance,40,622,Speed Test,Level 1 → Speed Test → Level 2,3
S254,Time Speed and Distance,40,637,Level 2,Level 2 → Level 1 → Speed Test,4
S255,Percentages,36,443,Speed Test,Level 1 → Level 2 → Speed Test,1
S256,Time Speed and Distance,24,632,Level 1,Level 1 → Speed Test → Level 2,1
S257,Percentages,4,491,Level 1,Speed Test → Level 1 → Level 2,3
S258,Percentages,40,494,Level 2,Level 1 → Level 2 → Speed Test,4
S259,Percentages,36,825,Speed Test,Level 1 → Speed Test → Level 2,5
S260,Percentages,20,771,Level 2,Level 1 → Speed Test → Level 2,2
S261,Time Speed and Distance,40,380,Level 1,Speed Test → Level 1 → Level 2,1
S262,Time and Work,40,492,Level 1,Level 1 → Level 2 → Speed Test,1
S263,Time Speed and Distance,8,788,Level 2,Speed Test → Level 1 → Level 2,3
S264,Time and Work,24,719,Level 2,Level 1 → Level 2 → Speed Test,1
S265,Percentages,28,252,Level 1,Level 1 → Level 2 → Speed Test,5
S266,Time and Work,40,895,Speed Test,Level 2 → Level 1 → Speed Test,1
S267,Time and Work,24,603,Speed Test,Level 2 → Level 1 → Speed Test,2
S268,Percentages,16,718,Level 1,Level 1 → Speed Test → Level 2,4
S269,Percentages,28,782,Level 1,Level 1 → Speed Test → Level 2,3
S270,Time and Work,20,453,Speed Test,Speed Test → Level 1 → Level 2,4
S271,Percentages,20,778,Speed Test,Level 1 → Speed Test → Level 2,5
S272,Time and Work,16,431,Speed Test,Level 1 → Level 2 → Speed Test,3
S273,Time and Work,40,420,Speed Test,Level 1 → Level 2 → Speed Test,2
S274,Percentages,28,351,Speed Test,Level 2 → Level 1 → Speed Test,1
S275,Time Speed and Distance,16,396,Level 1,Level 1 → Speed Test → Level 2,3
S276,Time and Work,20,290,Speed Test,Level 2 → Level 1 → Speed Test,3
S277,Time Speed and Distance,40,467,Level 1,Level 2 → Level 1 → Speed Test,4
S278,Time Speed and Distance,12,618,Level 1,Speed Test → Level 1 → Level 2,2
S279,Percentages,4,387,Level 2,Level 1 → Level 2 → Speed Test,1
S280,Time and Work,12,712,Level 2,Level 1 → Level 2 → Speed Test,2
S281,Time and Work,0,239,Level 1,Level 1 → Speed Test → Level 2,1
S282,Time Speed and Distance,32,524,Speed Test,Level 1 → Level 2 → Speed Test,1
S283,Time and Work,0,617,Speed Test,Level 1 → Level 2 → Speed Test,3
S284,Percentages,32,760,Speed Test,Speed Test → Level 1 → Level 2,3
S285,Percentages,8,497,Speed Test,Level 2 → Level 1 → Speed Test,4
S286,Time and Work,0,493,Level 1,Level 1 → Speed Test → Level 2,3
S287,Time Speed and Distance,24,504,Speed Test,Level 1 → Level 2 → Speed Test,1
S288,Time and Work,0,565,Level 2,Speed Test → Level 1 → Level 2,1
S289,Percentages,4,718,Level 1,Speed Test → Level 1 → Level 2,3
S290,Time and Work,4,474,Speed Test,Level 1 → Level 2 → Speed Test,3
S291,Time Speed and Distance,32,625,Level 2,Level 1 → Speed Test → Level 2,3
S292,Time Speed and Distance,4,528,Level 1,Level 1 → Speed Test → Level 2,4
S293,Time Speed and Distance,36,518,Speed Test,Level 2 → Level 1 → Speed Test,2
S294,Time Speed and Distance,16,650,Level 1,Speed Test → Level 1 → Level 2,5
S295,Time Speed and Distance,8,628,Level 2,Speed Test → Level 1 → Level 2,2
S296,Percentages,12,502,Level 1,Speed Test → Level 1 → Level 2,5
S297,Time Speed and Distance,8,199,Level 2,Level 2 → Level 1 → Speed Test,2
S298,Percentages,8,873,Speed Test,Level 1 → Speed Test → Level 2,4
S299,Time Speed and Distance,0,227,Level 2,Level 2 → Level 1 → Speed Test,4
S300,Time and Work,16,315,Level 1,Level 1 → Level 2 → Speed Test,3
S301,Time Speed and Distance,36,858,Speed Test,Level 2 → Level 1 → Speed Test,2
S302,Time and Work,40,693,Level 1,Level 1 → Level 2 → Speed Test,4
S303,Time Speed and Distance,20,152,Speed Test,Speed Test → Level 1 → Level 2,1
S304,Time and Work,0,712,Level 2,Level 2 → Level 1 → Speed Test,5
S305,Time Speed and Distance,40,156,Level 1,Level 2 → Level 1 → Speed Test,1
S306,Time and Work,20,255,Level 2,Speed Test → Level 1 → Level 2,5
S307,Time and Work,20,728,Level 1,Level 1 → Level 2 → Speed Test,1
S308,Time Speed and Distance,40,239,Speed Test,Speed Test → Level 1 → Level 2,1
S309,Time and Work,24,406,Speed Test,Level 1 → Speed Test → Level 2,3
S310,Time Speed and Distance,8,288,Speed Test,Level 2 → Level 1 → Speed Test,1
S311,Percentages,24,118,Speed Test,Speed Test → Level 1 → Level 2,4
S312,Percentages,0,176,Speed Test,Level 2 → Level 1 → Speed Test,2
S313,Percentages,4,803,Level 1,Level 2 → Level 1 → Speed Test,2
S314,Percentages,40,421,Level 1,Level 1 → Level 2 → Speed Test,1
S315,Percentages,36,385,Level 2,Level 2 → Level 1 → Speed Test,4
S316,Percentages,12,666,Level 2,Level 1 → Speed Test → Level 2,1
S317,Time Speed and Distance,20,717,Speed Test,Level 2 → Level 1 → Speed Test,2
S318,Time Speed and Distance,20,891,Speed Test,Level 1 → Speed Test → Level 2,4
S319,Percentages,16,804,Speed Test,Level 1 → Level 2 → Speed Test,5
S320,Time and Work,8,125,Level 2,Level 1 → Speed Test → Level 2,2
S321,Time and Work,36,170,Level 2,Speed Test → Level 1 → Level 2,5
S322,Time Speed and Distance,8,868,Speed Test,Level 2 → Level 1 → Speed Test,4
S323,Time Speed and Distance,4,785,Speed Test,Level 1 → Speed Test → Level 2,2
S324,Time Speed and Distance,4,644,Level 2,Level 1 → Speed Test → Level 2,3
S325,Time Speed and Distance,32,159,Level 1,Level 2 → Level 1 → Speed Test,5
S326,Time and Work,24,113,Speed Test,Speed Test → Level 1 → Level 2,1
S327,Time Speed and Distance,12,646,Speed Test,Level 1 → Speed Test → Level 2,4
S328,Time Speed and Distance,8,713,Speed Test,Speed Test → Level 1 → Level 2,1
S329,Time Speed and Distance,32,578,Level 2,Speed Test → Level 1 → Level 2,1
S330,Time Speed and Distance,32,234,Level 2,Speed Test → Level 1 → Level 2,4
S331,Time Speed and Distance,20,673,Speed Test,Level 1 → Speed Test → Level 2,5
S332,Percentages,16,721,Speed Test,Level 2 → Level 1 → Speed Test,2
S333,Time Speed and Distance,40,882,Speed Test,Speed Test → Level 1 → Level 2,2
S334,Time Speed and Distance,0,765,Level 1,Level 1 → Level 2 → Speed Test,1
S335,Percentages,24,432,Speed Test,Level 2 → Level 1 → Speed Test,5
S336,Percentages,4,695,Level 2,Level 1 → Speed Test → Level 2,4
S337,Time Speed and Distance,24,192,Speed Test,Speed Test → Level 1 → Level 2,4
S338,Time Speed and Distance,0,351,Level 2,Level 1 → Speed Test → Level 2,4
S339,Time and Work,8,193,Speed Test,Speed Test → Level 1 → Level 2,5
S340,Time Speed and Distance,16,504,Speed Test,Level 2 → Level 1 → Speed Test,3
S341,Percentages,16,600,Level 1,Level 2 → Level 1 → Speed Test,5
S342,Percentages,32,159,Level 2,Level 2 → Level 1 → Speed Test,3
S343,Time and Work,12,480,Level 2,Level 1 → Speed Test → Level 2,3
S344,Percentages,12,118,Level 2,Level 2 → Level 1 → Speed Test,2
S345,Percentages,12,123,Level 1,Level 1 → Level 2 → Speed Test,4
S346,Percentages,8,541,Level 1,Level 1 → Speed Test → Level 2,4
S347,Time and Work,36,428,Speed Test,Level 1 → Speed Test → Level 2,5
S348,Time Speed and Distance,8,125,Speed Test,Speed Test → Level 1 → Level 2,4
S349,Time Speed and Distance,28,560,Speed Test,Speed Test → Level 1 → Level 2,1
S350,Time and Work,20,658,Level 2,Level 2 → Level 1 → Speed Test,2
S351,Percentages,8,664,Speed Test,Level 1 → Level 2 → Speed Test,1
S352,Time Speed and Distance,0,693,Speed Test,Speed Test → Level 1 → Level 2,4
S353,Time and Work,12,327,Level 2,Level 1 → Speed Test → Level 2,5
S354,Time and Work,8,645,Speed Test,Level 1 → Speed Test → Level 2,4
S355,Time and Work,40,528,Level 1,Level 2 → Level 1 → Speed Test,1
S356,Percentages,40,812,Level 1,Speed Test → Level 1 → Level 2,4
S357,Percentages,16,281,Speed Test,Level 2 → Level 1 → Speed Test,5
S358,Time and Work,0,670,Level 1,Level 2 → Level 1 → Speed Test,3
S359,Percentages,4,700,Level 2,Level 2 → Level 1 → Speed Test,4
S360,Time Speed and Distance,32,675,Level 1,Level 2 → Level 1 → Speed Test,5
S361,Percentages,16,720,Level 2,Level 1 → Level 2 → Speed Test,5
S362,Percentages,0,655,Level 1,Speed Test → Level 1 → Level 2,5
S363,Time Speed and Distance,0,885,Speed Test,Level 1 → Level 2 → Speed Test,5
S364,Percentages,36,136,Speed Test,Level 2 → Level 1 → Speed Test,4
S365,Percentages,20,567,Level 1,Speed Test → Level 1 → Level 2,1
S366,Percentages,36,485,Level 1,Level 2 → Level 1 → Speed Test,4
S367,Time Speed and Distance,0,721,Speed Test,Level 1 → Level 2 → Speed Test,1
S368,Percentages,24,260,Speed Test,Level 2 → Level 1 → Speed Test,3
S369,Time Speed and Distance,40,430,Level 2,Speed Test → Level 1 → Level 2,1
S370,Percentages,40,515,Level 2,Level 1 → Level 2 → Speed Test,1
S371,Percentages,40,774,Speed Test,Level 2 → Level 1 → Speed Test,4
S372,Percentages,36,154,Level 2,Level 1 → Speed Test → Level 2,5
S373,Time and Work,4,203,Speed Test,Speed Test → Level 1 → Level 2,1
S374,Time and Work,0,687,Speed Test,Speed Test → Level 1 → Level 2,3
S375,Percentages,24,398,Level 1,Level 1 → Level 2 → Speed Test,4
S376,Percentages,40,288,Level 1,Level 2 → Level 1 → Speed Test,4
S377,Percentages,28,379,Level 2,Level 2 → Level 1 → Speed Test,2
S378,Time Speed and Distance,16,749,Level 2,Speed Test → Level 1 → Level 2,1
S379,Percentages,12,765,Speed Test,Level 1 → Speed Test → Level 2,5
S380,Time Speed and Distance,40,391,Speed Test,Level 1 → Speed Test → Level 2,1
S381,Time and Work,40,616,Level 2,Level 1 → Speed Test → Level 2,1
S382,Time and Work,4,628,Speed Test,Level 1 → Level 2 → Speed Test,5
S383,Time Speed and Distance,32,875,Level 1,Level 2 → Level 1 → Speed Test,5
S384,Percentages,28,764,Level 2,Level 1 → Speed Test → Level 2,5
S385,Time Speed and Distance,36,659,Level 1,Speed Test → Level 1 → Level 2,5
S386,Time and Work,20,478,Level 2,Speed Test → Level 1 → Level 2,4
S387,Percentages,12,282,Level 1,Level 1 → Speed Test → Level 2,5
S388,Time Speed and Distance,12,374,Speed Test,Level 1 → Speed Test → Level 2,4
S389,Time Speed and Distance,16,233,Level 2,Speed Test → Level 1 → Level 2,2
S390,Percentages,20,167,Level 1,Level 1 → Speed Test → Level 2,4
S391,Time and Work,36,587,Speed Test,Level 2 → Level 1 → Speed Test,3
S392,Percentages,24,337,Level 1,Speed Test → Level 1 → Level 2,1
S393,Time and Work,16,739,Level 1,Speed Test → Level 1 → Level 2,3
S394,Time Speed and Distance,12,489,Speed Test,Level 1 → Level 2 → Speed Test,5
S395,Time Speed and Distance,36,653,Level 2,Speed Test → Level 1 → Level 2,2
S396,Time and Work,28,755,Speed Test,Level 1 → Speed Test → Level 2,2
S397,Time and Work,8,430,Speed Test,Level 1 → Level 2 → Speed Test,2
S398,Time and Work,24,146,Speed Test,Level 1 → Level 2 → Speed Test,5
S399,Time and Work,16,199,Level 1,Level 1 → Speed Test → Level 2,2
S400,Percentages,40,511,Speed Test,Speed Test → Level 1 → Level 2,3
S401,Time Speed and Distance,4,764,Speed Test,Level 1 → Level 2 → Speed Test,4
S402,Time and Work,16,643,Level 2,Level 1 → Level 2 → Speed Test,2
S403,Time Speed and Distance,36,318,Level 1,Speed Test → Level 1 → Level 2,5
S404,Time and Work,12,376,Speed Test,Speed Test → Level 1 → Level 2,4
S405,Time Speed and Distance,4,169,Level 1,Level 1 → Level 2 → Speed Test,4
S406,Time and Work,36,718,Level 1,Level 1 → Level 2 → Speed Test,1
S407,Time and Work,0,399,Level 2,Level 1 → Level 2 → Speed Test,4
S408,Time and Work,0,660,Level 2,Level 2 → Level 1 → Speed Test,2
S409,Time Speed and Distance,32,616,Level 1,Level 1 → Level 2 → Speed Test,1
S410,Percentages,16,814,Speed Test,Level 1 → Level 2 → Speed Test,2
S411,Percentages,4,890,Level 2,Speed Test → Level 1 → Level 2,1
S412,Percentages,16,799,Speed Test,Speed Test → Level 1 → Level 2,4
S413,Time and Work,8,171,Level 2,Level 1 → Level 2 → Speed Test,2
S414,Time Speed and Distance,32,643,Speed Test,Level 1 → Level 2 → Speed Test,5
S415,Time Speed and Distance,32,506,Level 2,Level 1 → Level 2 → Speed Test,5
S416,Percentages,28,596,Level 2,Level 1 → Speed Test → Level 2,5
S417,Time and Work,8,264,Level 2,Level 1 → Speed Test → Level 2,4
S418,Percentages,0,290,Level 2,Level 2 → Level 1 → Speed Test,4
S419,Time Speed and Distance,24,174,Speed Test,Speed Test → Level 1 → Level 2,3
S420,Time Speed and Distance,32,491,Level 1,Level 2 → Level 1 → Speed Test,5
S421,Time Speed and Distance,8,341,Speed Test,Speed Test → Level 1 → Level 2,5
S422,Time Speed and Distance,32,371,Level 1,Level 1 → Speed Test → Level 2,3
S423,Percentages,0,302,Level 1,Level 2 → Level 1 → Speed Test,3
S424,Time Speed and Distance,0,736,Speed Test,Level 2 → Level 1 → Speed Test,5
S425,Time Speed and Distance,32,777,Level 1,Level 1 → Level 2 → Speed Test,5
S426,Time Speed and Distance,24,472,Level 1,Level 1 → Level 2 → Speed Test,1
S427,Percentages,36,813,Level 1,Level 1 → Speed Test → Level 2,5
S428,Time and Work,8,394,Level 2,Speed Test → Level 1 → Level 2,5
S429,Percentages,40,686,Level 2,Level 2 → Level 1 → Speed Test,1
S430,Percentages,0,263,Level 1,Level 2 → Level 1 → Speed Test,3
S431,Time Speed and Distance,20,491,Level 2,Level 1 → Level 2 → Speed Test,3
S432,Time Speed and Distance,8,266,Speed Test,Level 1 → Speed Test → Level 2,3
S433,Percentages,24,291,Level 2,Level 1 → Level 2 → Speed Test,4
S434,Percentages,28,119,Speed Test,Speed Test → Level 1 → Level 2,3
S435,Time Speed and Distance,4,155,Level 2,Level 1 → Level 2 → Speed Test,4
S436,Time Speed and Distance,20,673,Level 1,Level 2 → Level 1 → Speed Test,5
S437,Percentages,12,887,Level 2,Level 1 → Level 2 → Speed Test,5
S438,Time Speed and Distance,36,142,Level 2,Level 2 → Level 1 → Speed Test,4
S439,Time Speed and Distance,12,894,Level 1,Level 1 → Level 2 → Speed Test,3
S440,Time and Work,16,654,Level 2,Speed Test → Level 1 → Level 2,1
S441,Time Speed and Distance,28,529,Level 2,Level 1 → Speed Test → Level 2,1
S442,Time and Work,32,662,Level 1,Level 1 → Speed Test → Level 2,3
S443,Time and Work,8,701,Speed Test,Level 1 → Speed Test → Level 2,4
S444,Percentages,16,462,Level 2,Level 1 → Level 2 → Speed Test,3
S445,Time and Work,24,624,Level 2,Level 1 → Speed Test → Level 2,1
S446,Time Speed and Distance,32,697,Level 1,Level 1 → Speed Test → Level 2,5
S447,Percentages,20,697,Level 1,Level 1 → Level 2 → Speed Test,2
S448,Time Speed and Distance,28,616,Speed Test,Level 2 → Level 1 → Speed Test,2
S449,Time Speed and Distance,28,691,Level 1,Level 2 → Level 1 → Speed Test,3
S450,Time and Work,36,615,Speed Test,Speed Test → Level 1 → Level 2,2
S451,Time Speed and Distance,36,855,Speed Test,Level 1 → Level 2 → Speed Test,2
S452,Time Speed and Distance,24,695,Speed Test,Level 1 → Speed Test → Level 2,5
S453,Time Speed and Distance,40,622,Speed Test,Level 1 → Speed Test → Level 2,3
S454,Time Speed and Distance,40,637,Level 2,Level 2 → Level 1 → Speed Test,4
S455,Percentages,36,443,Speed Test,Level 1 → Level 2 → Speed Test,1
S456,Time Speed and Distance,24,632,Level 1,Level 1 → Speed Test → Level 2,1
S457,Percentages,4,491,Level 1,Speed Test → Level 1 → Level 2,3
S458,Percentages,40,494,Level 2,Level 1 → Level 2 → Speed Test,4
S459,Percentages,36,825,Speed Test,Level 1 → Speed Test → Level 2,5
S460,Percentages,20,771,Level 2,Level 1 → Speed Test → Level 2,2
S461,Time Speed and Distance,40,380,Level 1,Speed Test → Level 1 → Level 2,1
S462,Time and Work,40,492,Level 1,Level 1 → Level 2 → Speed Test,1
S463,Time Speed and Distance,8,788,Level 2,Speed Test → Level 1 → Level 2,3
S464,Time and Work,24,719,Level 2,Level 1 → Level 2 → Speed Test,1
S465,Percentages,28,252,Level 1,Level 1 → Level 2 → Speed Test,5
S466,Time and Work,40,895,Speed Test,Level 2 → Level 1 → Speed Test,1
S467,Time and Work,24,603,Speed Test,Level 2 → Level 1 → Speed Test,2
S468,Percentages,16,718,Level 1,Level 1 → Speed Test → Level 2,4
S469,Percentages,28,782,Level 1,Level 1 → Speed Test → Level 2,3
S470,Time and Work,20,453,Speed Test,Speed Test → Level 1 → Level 2,4
S471,Percentages,20,778,Speed Test,Level 1 → Speed Test → Level 2,5
S472,Time and Work,16,431,Speed Test,Level 1 → Level 2 → Speed Test,3
S473,Time and Work,40,420,Speed Test,Level 1 → Level 2 → Speed Test,2
S474,Percentages,28,351,Speed Test,Level 2 → Level 1 → Speed Test,1
S475,Time Speed and Distance,16,396,Level 1,Level 1 → Speed Test → Level 2,3
S476,Time and Work,20,290,Speed Test,Level 2 → Level 1 → Speed Test,3
S477,Time Speed and Distance,40,467,Level 1,Level 2 → Level 1 → Speed Test,4
S478,Time Speed and Distance,12,618,Level 1,Speed Test → Level 1 → Level 2,2
S479,Percentages,4,387,Level 2,Level 1 → Level 2 → Speed Test,1
S480,Time and Work,12,712,Level 2,Level 1 → Level 2 → Speed Test,2
S481,Time and Work,0,239,Level 1,Level 1 → Speed Test → Level 2,1
S482,Time Speed and Distance,32,524,Speed Test,Level 1 → Level 2 → Speed Test,1
S483,Time and Work,0,617,Speed Test,Level 1 → Level 2 → Speed Test,3
S484,Percentages,32,760,Speed Test,Speed Test → Level 1 → Level 2,3
S485,Percentages,8,497,Speed Test,Level 2 → Level 1 → Speed Test,4
S486,Time and Work,0,493,Level 1,Level 1 → Speed Test → Level 2,3
S487,Time Speed and Distance,24,504,Speed Test,Level 1 → Level 2 → Speed Test,1
S488,Time and Work,0,565,Level 2,Speed Test → Level 1 → Level 2,1
S489,Percentages,4,718,Level 1,Speed Test → Level 1 → Level 2,3
S490,Time and Work,4,474,Speed Test,Level 1 → Level 2 → Speed Test,3
S491,Time Speed and Distance,32,625,Level 2,Level 1 → Speed Test → Level 2,3
S492,Time Speed and Distance,4,528,Level 1,Level 1 → Speed Test → Level 2,4
S493,Time Speed and Distance,36,518,Speed Test,Level 2 → Level 1 → Speed Test,2
S494,Time Speed and Distance,16,650,Level 1,Speed Test → Level 1 → Level 2,5
S495,Time Speed and Distance,8,628,Level 2,Speed Test → Level 1 → Level 2,2
S496,Percentages,12,502,Level 1,Speed Test → Level 1 → Level 2,5
S497,Time Speed and Distance,8,199,Level 2,Level 2 → Level 1 → Speed Test,2
S498,Percentages,8,873,Speed Test,Level 1 → Speed Test → Level 2,4
S499,Time Speed and Distance,0,227,Level 2,Level 2 → Level 1 → Speed Test,4
S500,Time and Work,16,315,Level 1,Level 1 → Level 2 → Speed Test,3
S501,Time Speed and Distance,36,858,Speed Test,Level 2 → Level 1 → Speed Test,2
S502,Time and Work,40,693,Level 1,Level 1 → Level 2 → Speed Test,4
S503,Time Speed and Distance,20,152,Speed Test,Speed Test → Level 1 → Level 2,1
S504,Time and Work,0,712,Level 2,Level 2 → Level 1 → Speed Test,5
S505,Time Speed and Distance,40,156,Level 1,Level 2 → Level 1 → Speed Test,1
S506,Time and Work,20,255,Level 2,Speed Test → Level 1 → Level 2,5
S507,Time and Work,20,728,Level 1,Level 1 → Level 2 → Speed Test,1
S508,Time Speed and Distance,40,239,Speed Test,Speed Test → Level 1 → Level 2,1
S509,Time and Work,24,406,Speed Test,Level 1 → Speed Test → Level 2,3
S510,Time Speed and Distance,8,288,Speed Test,Level 2 → Level 1 → Speed Test,1
S511,Percentages,24,118,Speed Test,Speed Test → Level 1 → Level 2,4
S512,Percentages,0,176,Speed Test,Level 2 → Level 1 → Speed Test,2
S513,Percentages,4,803,Level 1,Level 2 → Level 1 → Speed Test,2
S514,Percentages,40,421,Level 1,Level 1 → Level 2 → Speed Test,1
S515,Percentages,36,385,Level 2,Level 2 → Level 1 → Speed Test,4
S516,Percentages,12,666,Level 2,Level 1 → Speed Test → Level 2,1
S517,Time Speed and Distance,20,717,Speed Test,Level 2 → Level 1 → Speed Test,2
S518,Time Speed and Distance,20,891,Speed Test,Level 1 → Speed Test → Level 2,4
S519,Percentages,16,804,Speed Test,Level 1 → Level 2 → Speed Test,5
S520,Time and Work,8,125,Level 2,Level 1 → Speed Test → Level 2,2
S521,Time and Work,36,170,Level 2,Speed Test → Level 1 → Level 2,5
S522,Time Speed and Distance,8,868,Speed Test,Level 2 → Level 1 → Speed Test,4
S523,Time Speed and Distance,4,785,Speed Test,Level 1 → Speed Test → Level 2,2
S524,Time Speed and Distance,4,644,Level 2,Level 1 → Speed Test → Level 2,3
S525,Time Speed and Distance,32,159,Level 1,Level 2 → Level 1 → Speed Test,5
S526,Time and Work,24,113,Speed Test,Speed Test → Level 1 → Level 2,1
S527,Time Speed and Distance,12,646,Speed Test,Level 1 → Speed Test → Level 2,4
S528,Time Speed and Distance,8,713,Speed Test,Speed Test → Level 1 → Level 2,1
S529,Time Speed and Distance,32,578,Level 2,Speed Test → Level 1 → Level 2,1
S530,Time Speed and Distance,32,234,Level 2,Speed Test → Level 1 → Level 2,4
S531,Time Speed and Distance,20,673,Speed Test,Level 1 → Speed Test → Level 2,5
S532,Percentages,16,721,Speed Test,Level 2 → Level 1 → Speed Test,2
S533,Time Speed and Distance,40,882,Speed Test,Speed Test → Level 1 → Level 2,2
S534,Time Speed and Distance,0,765,Level 1,Level 1 → Level 2 → Speed Test,1
S535,Percentages,24,432,Speed Test,Level 2 → Level 1 → Speed Test,5
S536,Percentages,4,695,Level 2,Level 1 → Speed Test → Level 2,4
S537,Time Speed and Distance,24,192,Speed Test,Speed Test → Level 1 → Level 2,4
S538,Time Speed and Distance,0,351,Level 2,Level 1 → Speed Test → Level 2,4
S539,Time and Work,8,193,Speed Test,Speed Test → Level 1 → Level 2,5
S540,Time Speed and Distance,16,504,Speed Test,Level 2 → Level 1 → Speed Test,3
S541,Percentages,16,600,Level 1,Level 2 → Level 1 → Speed Test,5
S542,Percentages,32,159,Level 2,Level 2 → Level 1 → Speed Test,3
S543,Time and Work,12,480,Level 2,Level 1 → Speed Test → Level 2,3
S544,Percentages,12,118,Level 2,Level 2 → Level 1 → Speed Test,2
S545,Percentages,12,123,Level 1,Level 1 → Level 2 → Speed Test,4
S546,Percentages,8,541,Level 1,Level 1 → Speed Test → Level 2,4
S547,Time and Work,36,428,Speed Test,Level 1 → Speed Test → Level 2,5
S548,Time Speed and Distance,8,125,Speed Test,Speed Test → Level 1 → Level 2,4
S549,Time Speed and Distance,28,560,Speed Test,Speed Test → Level 1 → Level 2,1
S550,Time and Work,20,658,Level 2,Level 2 → Level 1 → Speed Test,2
S551,Percentages,8,664,Speed Test,Level 1 → Level 2 → Speed Test,1
S552,Time Speed and Distance,0,693,Speed Test,Speed Test → Level 1 → Level 2,4
S553,Time and Work,12,327,Level 2,Level 1 → Speed Test → Level 2,5
S554,Time and Work,8,645,Speed Test,Level 1 → Speed Test → Level 2,4
S555,Time and Work,40,528,Level 1,Level 2 → Level 1 → Speed Test,1
S556,Percentages,40,812,Level 1,Speed Test → Level 1 → Level 2,4
S557,Percentages,16,281,Speed Test,Level 2 → Level 1 → Speed Test,5
S558,Time and Work,0,670,Level 1,Level 2 → Level 1 → Speed Test,3
S559,Percentages,4,700,Level 2,Level 2 → Level 1 → Speed Test,4
S560,Time Speed and Distance,32,675,Level 1,Level 2 → Level 1 → Speed Test,5
S561,Percentages,16,720,Level 2,Level 1 → Level 2 → Speed Test,5
S562,Percentages,0,655,Level 1,Speed Test → Level 1 → Level 2,5
S563,Time Speed and Distance,0,885,Speed Test,Level 1 → Level 2 → Speed Test,5
S564,Percentages,36,136,Speed Test,Level 2 → Level 1 → Speed Test,4
S565,Percentages,20,567,Level 1,Speed Test → Level 1 → Level 2,1
S566,Percentages,36,485,Level 1,Level 2 → Level 1 → Speed Test,4
S567,Time Speed and Distance,0,721,Speed Test,Level 1 → Level 2 → Speed Test,1
S568,Percentages,24,260,Speed Test,Level 2 → Level 1 → Speed Test,3
S569,Time Speed and Distance,40,430,Level 2,Speed Test → Level 1 → Level 2,1
S570,Percentages,40,515,Level 2,Level 1 → Level 2 → Speed Test,1
S571,Percentages,40,774,Speed Test,Level 2 → Level 1 → Speed Test,4
S572,Percentages,36,154,Level 2,Level 1 → Speed Test → Level 2,5
S573,Time and Work,4,203,Speed Test,Speed Test → Level 1 → Level 2,1
S574,Time and Work,0,687,Speed Test,Speed Test → Level 1 → Level 2,3
S575,Percentages,24,398,Level 1,Level 1 → Level 2 → Speed Test,4
S576,Percentages,40,288,Level 1,Level 2 → Level 1 → Speed Test,4
S577,Percentages,28,379,Level 2,Level 2 → Level 1 → Speed Test,2
S578,Time Speed and Distance,16,749,Level 2,Speed Test → Level 1 → Level 2,1
S579,Percentages,12,765,Speed Test,Level 1 → Speed Test → Level 2,5
S580,Time Speed and Distance,40,391,Speed Test,Level 1 → Speed Test → Level 2,1
S581,Time and Work,40,616,Level 2,Level 1 → Speed Test → Level 2,1
S582,Time and Work,4,628,Speed Test,Level 1 → Level 2 → Speed Test,5
S583,Time Speed and Distance,32,875,Level 1,Level 2 → Level 1 → Speed Test,5
S584,Percentages,28,764,Level 2,Level 1 → Speed Test → Level 2,5
S585,Time Speed and Distance,36,659,Level 1,Speed Test → Level 1 → Level 2,5
S586,Time and Work,20,478,Level 2,Speed Test → Level 1 → Level 2,4
S587,Percentages,12,282,Level 1,Level 1 → Speed Test → Level 2,5
S588,Time Speed and Distance,12,374,Speed Test,Level 1 → Speed Test → Level 2,4
S589,Time Speed and Distance,16,233,Level 2,Speed Test → Level 1 → Level 2,2
S590,Percentages,20,167,Level 1,Level 1 → Speed Test → Level 2,4
S591,Time and Work,36,587,Speed Test,Level 2 → Level 1 → Speed Test,3
S592,Percentages,24,337,Level 1,Speed Test → Level 1 → Level 2,1
S593,Time and Work,16,739,Level 1,Speed Test → Level 1 → Level 2,3
S594,Time Speed and Distance,12,489,Speed Test,Level 1 → Level 2 → Speed Test,5
S595,Time Speed and Distance,36,653,Level 2,Speed Test → Level 1 → Level 2,2
S596,Time and Work,28,755,Speed Test,Level 1 → Speed Test → Level 2,2
S597,Time and Work,8,430,Speed Test,Level 1 → Level 2 → Speed Test,2
S598,Time and Work,24,146,Speed Test,Level 1 → Level 2 → Speed Test,5
S599,Time and Work,16,199,Level 1,Level 1 → Speed Test → Level 2,2
S600,Percentages,40,511,Speed Test,Speed Test → Level 1 → Level 2,3
S601,Time Speed and Distance,4,764,Speed Test,Level 1 → Level 2 → Speed Test,4
S602,Time and Work,16,643,Level 2,Level 1 → Level 2 → Speed Test,2
S603,Time Speed and Distance,36,318,Level 1,Speed Test → Level 1 → Level 2,5
S604,Time and Work,12,376,Speed Test,Speed Test → Level 1 → Level 2,4
S605,Time Speed and Distance,4,169,Level 1,Level 1 → Level 2 → Speed Test,4
S606,Time and Work,36,718,Level 1,Level 1 → Level 2 → Speed Test,1
S607,Time and Work,0,399,Level 2,Level 1 → Level 2 → Speed Test,4
S608,Time and Work,0,660,Level 2,Level 2 → Level 1 → Speed Test,2
S609,Time Speed and Distance,32,616,Level 1,Level 1 → Level 2 → Speed Test,1
S610,Percentages,16,814,Speed Test,Level 1 → Level 2 → Speed Test,2
S611,Percentages,4,890,Level 2,Speed Test → Level 1 → Level 2,1
S612,Percentages,16,799,Speed Test,Speed Test → Level 1 → Level 2,4
S613,Time and Work,8,171,Level 2,Level 1 → Level 2 → Speed Test,2
S614,Time Speed and Distance,32,643,Speed Test,Level 1 → Level 2 → Speed Test,5
S615,Time Speed and Distance,32,506,Level 2,Level 1 → Level 2 → Speed Test,5
S616,Percentages,28,596,Level 2,Level 1 → Speed Test → Level 2,5
S617,Time and Work,8,264,Level 2,Level 1 → Speed Test → Level 2,4
S618,Percentages,0,290,Level 2,Level 2 → Level 1 → Speed Test,4
S619,Time Speed and Distance,24,174,Speed Test,Speed Test → Level 1 → Level 2,3
S620,Time Speed and Distance,32,491,Level 1,Level 2 → Level 1 → Speed Test,5
S621,Time Speed and Distance,8,341,Speed Test,Speed Test → Level 1 → Level 2,5
S622,Time Speed and Distance,32,371,Level 1,Level 1 → Speed Test → Level 2,3
S623,Percentages,0,302,Level 1,Level 2 → Level 1 → Speed Test,3
S624,Time Speed and Distance,0,736,Speed Test,Level 2 → Level 1 → Speed Test,5
S625,Time Speed and Distance,32,777,Level 1,Level 1 → Level 2 → Speed Test,5
S626,Time Speed and Distance,24,472,Level 1,Level 1 → Level 2 → Speed Test,1
S627,Percentages,36,813,Level 1,Level 1 → Speed Test → Level 2,5
S628,Time and Work,8,394,Level 2,Speed Test → Level 1 → Level 2,5
S629,Percentages,40,686,Level 2,Level 2 → Level 1 → Speed Test,1
S630,Percentages,0,263,Level 1,Level 2 → Level 1 → Speed Test,3
S631,Time Speed and Distance,20,491,Level 2,Level 1 → Level 2 → Speed Test,3
S632,Time Speed and Distance,8,266,Speed Test,Level 1 → Speed Test → Level 2,3
S633,Percentages,24,291,Level 2,Level 1 → Level 2 → Speed Test,4
S634,Percentages,28,119,Speed Test,Speed Test → Level 1 → Level 2,3
S635,Time Speed and Distance,4,155,Level 2,Level 1 → Level 2 → Speed Test,4
S636,Time Speed and Distance,20,673,Level 1,Level 2 → Level 1 → Speed Test,5
S637,Percentages,12,887,Level 2,Level 1 → Level 2 → Speed Test,5
S638,Time Speed and Distance,36,142,Level 2,Level 2 → Level 1 → Speed Test,4
S639,Time Speed and Distance,12,894,Level 1,Level 1 → Level 2 → Speed Test,3
S640,Time and Work,16,654,Level 2,Speed Test → Level 1 → Level 2,1
S641,Time Speed and Distance,28,529,Level 2,Level 1 → Speed Test → Level 2,1
S642,Time and Work,32,662,Level 1,Level 1 → Speed Test → Level 2,3
S643,Time and Work,8,701,Speed Test,Level 1 → Speed Test → Level 2,4
S644,Percentages,16,462,Level 2,Level 1 → Level 2 → Speed Test,3
S645,Time and Work,24,624,Level 2,Level 1 → Speed Test → Level 2,1
S646,Time Speed and Distance,32,697,Level 1,Level 1 → Speed Test → Level 2,5
S647,Percentages,20,697,Level 1,Level 1 → Level 2 → Speed Test,2
S648,Time Speed and Distance,28,616,Speed Test,Level 2 → Level 1 → Speed Test,2
S649,Time Speed and Distance,28,691,Level 1,Level 2 → Level 1 → Speed Test,3
S650,Time and Work,36,615,Speed Test,Speed Test → Level 1 → Level 2,2
S651,Time Speed and Distance,36,855,Speed Test,Level 1 → Level 2 → Speed Test,2
S652,Time Speed and Distance,24,695,Speed Test,Level 1 → Speed Test → Level 2,5
S653,Time Speed and Distance,40,622,Speed Test,Level 1 → Speed Test → Level 2,3
S654,Time Speed and Distance,40,637,Level 2,Level 2 → Level 1 → Speed Test,4
S655,Percentages,36,443,Speed Test,Level 1 → Level 2 → Speed Test,1
S656,Time Speed and Distance,24,632,Level 1,Level 1 → Speed Test → Level 2,1
S657,Percentages,4,491,Level 1,Speed Test → Level 1 → Level 2,3
S658,Percentages,40,494,Level 2,Level 1 → Level 2 → Speed Test,4
S659,Percentages,36,825,Speed Test,Level 1 → Speed Test → Level 2,5
S660,Percentages,20,771,Level 2,Level 1 → Speed Test → Level 2,2
S661,Time Speed and Distance,40,380,Level 1,Speed Test → Level 1 → Level 2,1
S662,Time and Work,40,492,Level 1,Level 1 → Level 2 → Speed Test,1
S663,Time Speed and Distance,8,788,Level 2,Speed Test → Level 1 → Level 2,3
S664,Time and Work,24,719,Level 2,Level 1 → Level 2 → Speed Test,1
S665,Percentages,28,252,Level 1,Level 1 → Level 2 → Speed Test,5
S666,Time and Work,40,895,Speed Test,Level 2 → Level 1 → Speed Test,1
S667,Time and Work,24,603,Speed Test,Level 2 → Level 1 → Speed Test,2
S668,Percentages,16,718,Level 1,Level 1 → Speed Test → Level 2,4
S669,Percentages,28,782,Level 1,Level 1 → Speed Test → Level 2,3
S670,Time and Work,20,453,Speed Test,Speed Test → Level 1 → Level 2,4
S671,Percentages,20,778,Speed Test,Level 1 → Speed Test → Level 2,5
S672,Time and Work,16,431,Speed Test,Level 1 → Level 2 → Speed Test,3
S673,Time and Work,40,420,Speed Test,Level 1 → Level 2 → Speed Test,2
S674,Percentages,28,351,Speed Test,Level 2 → Level 1 → Speed Test,1
S675,Time Speed and Distance,16,396,Level 1,Level 1 → Speed Test → Level 2,3
S676,Time and Work,20,290,Speed Test,Level 2 → Level 1 → Speed Test,3
S677,Time Speed and Distance,40,467,Level 1,Level 2 → Level 1 → Speed Test,4
S678,Time Speed and Distance,12,618,Level 1,Speed Test → Level 1 → Level 2,2
S679,Percentages,4,387,Level 2,Level 1 → Level 2 → Speed Test,1
S680,Time and Work,12,712,Level 2,Level 1 → Level 2 → Speed Test,2
S681,Time and Work,0,239,Level 1,Level 1 → Speed Test → Level 2,1
S682,Time Speed and Distance,32,524,Speed Test,Level 1 → Level 2 → Speed Test,1
S683,Time and Work,0,617,Speed Test,Level 1 → Level 2 → Speed Test,3
S684,Percentages,32,760,Speed Test,Speed Test → Level 1 → Level 2,3
S685,Percentages,8,497,Speed Test,Level 2 → Level 1 → Speed Test,4
S686,Time and Work,0,493,Level 1,Level 1 → Speed Test → Level 2,3
S687,Time Speed and Distance,24,504,Speed Test,Level 1 → Level 2 → Speed Test,1
S688,Time and Work,0,565,Level 2,Speed Test → Level 1 → Level 2,1
S689,Percentages,4,718,Level 1,Speed Test → Level 1 → Level 2,3
S690,Time and Work,4,474,Speed Test,Level 1 → Level 2 → Speed Test,3
S691,Time Speed and Distance,32,625,Level 2,Level 1 → Speed Test → Level 2,3
S692,Time Speed and Distance,4,528,Level 1,Level 1 → Speed Test → Level 2,4
S693,Time Speed and Distance,36,518,Speed Test,Level 2 → Level 1 → Speed Test,2
S694,Time Speed and Distance,16,650,Level 1,Speed Test → Level 1 → Level 2,5
S695,Time Speed and Distance,8,628,Level 2,Speed Test → Level 1 → Level 2,2
S696,Percentages,12,502,Level 1,Speed Test → Level 1 → Level 2,5
S697,Time Speed and Distance,8,199,Level 2,Level 2 → Level 1 → Speed Test,2
S698,Percentages,8,873,Speed Test,Level 1 → Speed Test → Level 2,4
S699,Time Speed and Distance,0,227,Level 2,Level 2 → Level 1 → Speed Test,4
S700,Time and Work,16,315,Level 1,Level 1 → Level 2 → Speed Test,3
S701,Time Speed and Distance,36,858,Speed Test,Level 2 → Level 1 → Speed Test,2
S702,Time and Work,40,693,Level 1,Level 1 → Level 2 → Speed Test,4
S703,Time Speed and Distance,20,152,Speed Test,Speed Test → Level 1 → Level 2,1
S704,Time and Work,0,712,Level 2,Level 2 → Level 1 → Speed Test,5
S705,Time Speed and Distance,40,156,Level 1,Level 2 → Level 1 → Speed Test,1
S706,Time and Work,20,255,Level 2,Speed Test → Level 1 → Level 2,5
S707,Time and Work,20,728,Level 1,Level 1 → Level 2 → Speed Test,1
S708,Time Speed and Distance,40,239,Speed Test,Speed Test → Level 1 → Level 2,1
S709,Time and Work,24,406,Speed Test,Level 1 → Speed Test → Level 2,3
S710,Time Speed and Distance,8,288,Speed Test,Level 2 → Level 1 → Speed Test,1
S711,Percentages,24,118,Speed Test,Speed Test → Level 1 → Level 2,4
S712,Percentages,0,176,Speed Test,Level 2 → Level 1 → Speed Test,2
S713,Percentages,4,803,Level 1,Level 2 → Level 1 → Speed Test,2
S714,Percentages,40,421,Level 1,Level 1 → Level 2 → Speed Test,1
S715,Percentages,36,385,Level 2,Level 2 → Level 1 → Speed Test,4
S716,Percentages,12,666,Level 2,Level 1 → Speed Test → Level 2,1
S717,Time Speed and Distance,20,717,Speed Test,Level 2 → Level 1 → Speed Test,2
S718,Time Speed and Distance,20,891,Speed Test,Level 1 → Speed Test → Level 2,4
S719,Percentages,16,804,Speed Test,Level 1 → Level 2 → Speed Test,5
S720,Time and Work,8,125,Level 2,Level 1 → Speed Test → Level 2,2
S721,Time and Work,36,170,Level 2,Speed Test → Level 1 → Level 2,5
S722,Time Speed and Distance,8,868,Speed Test,Level 2 → Level 1 → Speed Test,4
S723,Time Speed and Distance,4,785,Speed Test,Level 1 → Speed Test → Level 2,2
S724,Time Speed and Distance,4,644,Level 2,Level 1 → Speed Test → Level 2,3
S725,Time Speed and Distance,32,159,Level 1,Level 2 → Level 1 → Speed Test,5
S726,Time and Work,24,113,Speed Test,Speed Test → Level 1 → Level 2,1
S727,Time Speed and Distance,12,646,Speed Test,Level 1 → Speed Test → Level 2,4
S728,Time Speed and Distance,8,713,Speed Test,Speed Test → Level 1 → Level 2,1
S729,Time Speed and Distance,32,578,Level 2,Speed Test → Level 1 → Level 2,1
S730,Time Speed and Distance,32,234,Level 2,Speed Test → Level 1 → Level 2,4
S731,Time Speed and Distance,20,673,Speed Test,Level 1 → Speed Test → Level 2,5
S732,Percentages,16,721,Speed Test,Level 2 → Level 1 → Speed Test,2
S733,Time Speed and Distance,40,882,Speed Test,Speed Test → Level 1 → Level 2,2
S734,Time Speed and Distance,0,765,Level 1,Level 1 → Level 2 → Speed Test,1
S735,Percentages,24,432,Speed Test,Level 2 → Level 1 → Speed Test,5
S736,Percentages,4,695,Level 2,Level 1 → Speed Test → Level 2,4
S737,Time Speed and Distance,24,192,Speed Test,Speed Test → Level 1 → Level 2,4
S738,Time Speed and Distance,0,351,Level 2,Level 1 → Speed Test → Level 2,4
S739,Time and Work,8,193,Speed Test,Speed Test → Level 1 → Level 2,5
S740,Time Speed and Distance,16,504,Speed Test,Level 2 → Level 1 → Speed Test,3
S741,Percentages,16,600,Level 1,Level 2 → Level 1 → Speed Test,5
S742,Percentages,32,159,Level 2,Level 2 → Level 1 → Speed Test,3
S743,Time and Work,12,480,Level 2,Level 1 → Speed Test → Level 2,3
S744,Percentages,12,118,Level 2,Level 2 → Level 1 → Speed Test,2
S745,Percentages,12,123,Level 1,Level 1 → Level 2 → Speed Test,4
S746,Percentages,8,541,Level 1,Level 1 → Speed Test → Level 2,4
S747,Time and Work,36,428,Speed Test,Level 1 → Speed Test → Level 2,5
S748,Time Speed and Distance,8,125,Speed Test,Speed Test → Level 1 → Level 2,4
S749,Time Speed and Distance,28,560,Speed Test,Speed Test → Level 1 → Level 2,1
S750,Time and Work,20,658,Level 2,Level 2 → Level 1 → Speed Test,2
S751,Percentages,8,664,Speed Test,Level 1 → Level 2 → Speed Test,1
S752,Time Speed and Distance,0,693,Speed Test,Speed Test → Level 1 → Level 2,4
S753,Time and Work,12,327,Level 2,Level 1 → Speed Test → Level 2,5
S754,Time and Work,8,645,Speed Test,Level 1 → Speed Test → Level 2,4
S755,Time and Work,40,528,Level 1,Level 2 → Level 1 → Speed Test,1
S756,Percentages,40,812,Level 1,Speed Test → Level 1 → Level 2,4
S757,Percentages,16,281,Speed Test,Level 2 → Level 1 → Speed Test,5
S758,Time and Work,0,670,Level 1,Level 2 → Level 1 → Speed Test,3
S759,Percentages,4,700,Level 2,Level 2 → Level 1 → Speed Test,4
S760,Time Speed and Distance,32,675,Level 1,Level 2 → Level 1 → Speed Test,5
S761,Percentages,16,720,Level 2,Level 1 → Level 2 → Speed Test,5
S762,Percentages,0,655,Level 1,Speed Test → Level 1 → Level 2,5
S763,Time Speed and Distance,0,885,Speed Test,Level 1 → Level 2 → Speed Test,5
S764,Percentages,36,136,Speed Test,Level 2 → Level 1 → Speed Test,4
S765,Percentages,20,567,Level 1,Speed Test → Level 1 → Level 2,1
S766,Percentages,36,485,Level 1,Level 2 → Level 1 → Speed Test,4
S767,Time Speed and Distance,0,721,Speed Test,Level 1 → Level 2 → Speed Test,1
S768,Percentages,24,260,Speed Test,Level 2 → Level 1 → Speed Test,3
S769,Time Speed and Distance,40,430,Level 2,Speed Test → Level 1 → Level 2,1
S770,Percentages,40,515,Level 2,Level 1 → Level 2 → Speed Test,1
S771,Percentages,40,774,Speed Test,Level 2 → Level 1 → Speed Test,4
S772,Percentages,36,154,Level 2,Level 1 → Speed Test → Level 2,5
S773,Time and Work,4,203,Speed Test,Speed Test → Level 1 → Level 2,1
S774,Time and Work,0,687,Speed Test,Speed Test → Level 1 → Level 2,3
S775,Percentages,24,398,Level 1,Level 1 → Level 2 → Speed Test,4
S776,Percentages,40,288,Level 1,Level 2 → Level 1 → Speed Test,4
S777,Percentages,28,379,Level 2,Level 2 → Level 1 → Speed Test,2
S778,Time Speed and Distance,16,749,Level 2,Speed Test → Level 1 → Level 2,1
S779,Percentages,12,765,Speed Test,Level 1 → Speed Test → Level 2,5
S780,Time Speed and Distance,40,391,Speed Test,Level 1 → Speed Test → Level 2,1
S781,Time and Work,40,616,Level 2,Level 1 → Speed Test → Level 2,1
S782,Time and Work,4,628,Speed Test,Level 1 → Level 2 → Speed Test,5
S783,Time Speed and Distance,32,875,Level 1,Level 2 → Level 1 → Speed Test,5
S784,Percentages,28,764,Level 2,Level 1 → Speed Test → Level 2,5
S785,Time Speed and Distance,36,659,Level 1,Speed Test → Level 1 → Level 2,5
S786,Time and Work,20,478,Level 2,Speed Test → Level 1 → Level 2,4
S787,Percentages,12,282,Level 1,Level 1 → Speed Test → Level 2,5
S788,Time Speed and Distance,12,374,Speed Test,Level 1 → Speed Test → Level 2,4
S789,Time Speed and Distance,16,233,Level 2,Speed Test → Level 1 → Level 2,2
S790,Percentages,20,167,Level 1,Level 1 → Speed Test → Level 2,4
S791,Time and Work,36,587,Speed Test,Level 2 → Level 1 → Speed Test,3
S792,Percentages,24,337,Level 1,Speed Test → Level 1 → Level 2,1
S793,Time and Work,16,739,Level 1,Speed Test → Level 1 → Level 2,3
S794,Time Speed and Distance,12,489,Speed Test,Level 1 → Level 2 → Speed Test,5
S795,Time Speed and Distance,36,653,Level 2,Speed Test → Level 1 → Level 2,2
S796,Time and Work,28,755,Speed Test,Level 1 → Speed Test → Level 2,2
S797,Time and Work,8,430,Speed Test,Level 1 → Level 2 → Speed Test,2
S798,Time and Work,24,146,Speed Test,Level 1 → Level 2 → Speed Test,5
S799,Time and Work,16,199,Level 1,Level 1 → Speed Test → Level 2,2
S800,Percentages,40,511,Speed Test,Speed Test → Level 1 → Level 2,3
S801,Time Speed and Distance,4,764,Speed Test,Level 1 → Level 2 → Speed Test,4
S802,Time and Work,16,643,Level 2,Level 1 → Level 2 → Speed Test,2
S803,Time Speed and Distance,36,318,Level 1,Speed Test → Level 1 → Level 2,5
S804,Time and Work,12,376,Speed Test,Speed Test → Level 1 → Level 2,4
S805,Time Speed and Distance,4,169,Level 1,Level 1 → Level 2 → Speed Test,4
S806,Time and Work,36,718,Level 1,Level 1 → Level 2 → Speed Test,1
S807,Time and Work,0,399,Level 2,Level 1 → Level 2 → Speed Test,4
S808,Time and Work,0,660,Level 2,Level 2 → Level 1 → Speed Test,2
S809,Time Speed and Distance,32,616,Level 1,Level 1 → Level 2 → Speed Test,1
S810,Percentages,16,814,Speed Test,Level 1 → Level 2 → Speed Test,2
S811,Percentages,4,890,Level 2,Speed Test → Level 1 → Level 2,1
S812,Percentages,16,799,Speed Test,Speed Test → Level 1 → Level 2,4
S813,Time and Work,8,171,Level 2,Level 1 → Level 2 → Speed Test,2
S814,Time Speed and Distance,32,643,Speed Test,Level 1 → Level 2 → Speed Test,5
S815,Time Speed and Distance,32,506,Level 2,Level 1 → Level 2 → Speed Test,5
S816,Percentages,28,596,Level 2,Level 1 → Speed Test → Level 2,5
S817,Time and Work,8,264,Level 2,Level 1 → Speed Test → Level 2,4
S818,Percentages,0,290,Level 2,Level 2 → Level 1 → Speed Test,4
S819,Time Speed and Distance,24,174,Speed Test,Speed Test → Level 1 → Level 2,3
S820,Time Speed and Distance,32,491,Level 1,Level 2 → Level 1 → Speed Test,5
S821,Time Speed and Distance,8,341,Speed Test,Speed Test → Level 1 → Level 2,5
S822,Time Speed and Distance,32,371,Level 1,Level 1 → Speed Test → Level 2,3
S823,Percentages,0,302,Level 1,Level 2 → Level 1 → Speed Test,3
S824,Time Speed and Distance,0,736,Speed Test,Level 2 → Level 1 → Speed Test,5
S825,Time Speed and Distance,32,777,Level 1,Level 1 → Level 2 → Speed Test,5
S826,Time Speed and Distance,24,472,Level 1,Level 1 → Level 2 → Speed Test,1
S827,Percentages,36,813,Level 1,Level 1 → Speed Test → Level 2,5
S828,Time and Work,8,394,Level 2,Speed Test → Level 1 → Level 2,5
S829,Percentages,40,686,Level 2,Level 2 → Level 1 → Speed Test,1
S830,Percentages,0,263,Level 1,Level 2 → Level 1 → Speed Test,3
S831,Time Speed and Distance,20,491,Level 2,Level 1 → Level 2 → Speed Test,3
S832,Time Speed and Distance,8,266,Speed Test,Level 1 → Speed Test → Level 2,3
S833,Percentages,24,291,Level 2,Level 1 → Level 2 → Speed Test,4
S834,Percentages,28,119,Speed Test,Speed Test → Level 1 → Level 2,3
S835,Time Speed and Distance,4,155,Level 2,Level 1 → Level 2 → Speed Test,4
S836,Time Speed and Distance,20,673,Level 1,Level 2 → Level 1 → Speed Test,5
S837,Percentages,12,887,Level 2,Level 1 → Level 2 → Speed Test,5
S838,Time Speed and Distance,36,142,Level 2,Level 2 → Level 1 → Speed Test,4
S839,Time Speed and Distance,12,894,Level 1,Level 1 → Level 2 → Speed Test,3
S840,Time and Work,16,654,Level 2,Speed Test → Level 1 → Level 2,1
S841,Time Speed and Distance,28,529,Level 2,Level 1 → Speed Test → Level 2,1
S842,Time and Work,32,662,Level 1,Level 1 → Speed Test → Level 2,3
S843,Time and Work,8,701,Speed Test,Level 1 → Speed Test → Level 2,4
S844,Percentages,16,462,Level 2,Level 1 → Level 2 → Speed Test,3
S845,Time and Work,24,624,Level 2,Level 1 → Speed Test → Level 2,1
S846,Time Speed and Distance,32,697,Level 1,Level 1 → Speed Test → Level 2,5
S847,Percentages,20,697,Level 1,Level 1 → Level 2 → Speed Test,2
S848,Time Speed and Distance,28,616,Speed Test,Level 2 → Level 1 → Speed Test,2
S849,Time Speed and Distance,28,691,Level 1,Level 2 → Level 1 → Speed Test,3
S850,Time and Work,36,615,Speed Test,Speed Test → Level 1 → Level 2,2
S851,Time Speed and Distance,36,855,Speed Test,Level 1 → Level 2 → Speed Test,2
S852,Time Speed and Distance,24,695,Speed Test,Level 1 → Speed Test → Level 2,5
S853,Time Speed and Distance,40,622,Speed Test,Level 1 → Speed Test → Level 2,3
S854,Time Speed and Distance,40,637,Level 2,Level 2 → Level 1 → Speed Test,4
S855,Percentages,36,443,Speed Test,Level 1 → Level 2 → Speed Test,1
S856,Time Speed and Distance,24,632,Level 1,Level 1 → Speed Test → Level 2,1
S857,Percentages,4,491,Level 1,Speed Test → Level 1 → Level 2,3
S858,Percentages,40,494,Level 2,Level 1 → Level 2 → Speed Test,4
S859,Percentages,36,825,Speed Test,Level 1 → Speed Test → Level 2,5
S860,Percentages,20,771,Level 2,Level 1 → Speed Test → Level 2,2
S861,Time Speed and Distance,40,380,Level 1,Speed Test → Level 1 → Level 2,1
S862,Time and Work,40,492,Level 1,Level 1 → Level 2 → Speed Test,1
S863,Time Speed and Distance,8,788,Level 2,Speed Test → Level 1 → Level 2,3
S864,Time and Work,24,719,Level 2,Level 1 → Level 2 → Speed Test,1
S865,Percentages,28,252,Level 1,Level 1 → Level 2 → Speed Test,5
S866,Time and Work,40,895,Speed Test,Level 2 → Level 1 → Speed Test,1
S867,Time and Work,24,603,Speed Test,Level 2 → Level 1 → Speed Test,2
S868,Percentages,16,718,Level 1,Level 1 → Speed Test → Level 2,4
S869,Percentages,28,782,Level 1,Level 1 → Speed Test → Level 2,3
S870,Time and Work,20,453,Speed Test,Speed Test → Level 1 → Level 2,4
S871,Percentages,20,778,Speed Test,Level 1 → Speed Test → Level 2,5
S872,Time and Work,16,431,Speed Test,Level 1 → Level 2 → Speed Test,3
S873,Time and Work,40,420,Speed Test,Level 1 → Level 2 → Speed Test,2
S874,Percentages,28,351,Speed Test,Level 2 → Level 1 → Speed Test,1
S875,Time Speed and Distance,16,396,Level 1,Level 1 → Speed Test → Level 2,3
S876,Time and Work,20,290,Speed Test,Level 2 → Level 1 → Speed Test,3
S877,Time Speed and Distance,40,467,Level 1,Level 2 → Level 1 → Speed Test,4
S878,Time Speed and Distance,12,618,Level 1,Speed Test → Level 1 → Level 2,2
S879,Percentages,4,387,Level 2,Level 1 → Level 2 → Speed Test,1
S880,Time and Work,12,712,Level 2,Level 1 → Level 2 → Speed Test,2
S881,Time and Work,0,239,Level 1,Level 1 → Speed Test → Level 2,1
S882,Time Speed and Distance,32,524,Speed Test,Level 1 → Level 2 → Speed Test,1
S883,Time and Work,0,617,Speed Test,Level 1 → Level 2 → Speed Test,3
S884,Percentages,32,760,Speed Test,Speed Test → Level 1 → Level 2,3
S885,Percentages,8,497,Speed Test,Level 2 → Level 1 → Speed Test,4
S886,Time and Work,0,493,Level 1,Level 1 → Speed Test → Level 2,3
S887,Time Speed and Distance,24,504,Speed Test,Level 1 → Level 2 → Speed Test,1
S888,Time and Work,0,565,Level 2,Speed Test → Level 1 → Level 2,1
S889,Percentages,4,718,Level 1,Speed Test → Level 1 → Level 2,3
S890,Time and Work,4,474,Speed Test,Level 1 → Level 2 → Speed Test,3
S891,Time Speed and Distance,32,625,Level 2,Level 1 → Speed Test → Level 2,3
S892,Time Speed and Distance,4,528,Level 1,Level 1 → Speed Test → Level 2,4
S893,Time Speed and Distance,36,518,Speed Test,Level 2 → Level 1 → Speed Test,2
S894,Time Speed and Distance,16,650,Level 1,Speed Test → Level 1 → Level 2,5
S895,Time Speed and Distance,8,628,Level 2,Speed Test → Level 1 → Level 2,2
S896,Percentages,12,502,Level 1,Speed Test → Level 1 → Level 2,5
S897,Time Speed and Distance,8,199,Level 2,Level 2 → Level 1 → Speed Test,2
S898,Percentages,8,873,Speed Test,Level 1 → Speed Test → Level 2,4
S899,Time Speed and Distance,0,227,Level 2,Level 2 → Level 1 → Speed Test,4
S900,Time and Work,16,315,Level 1,Level 1 → Level 2 → Speed Test,3
S901,Time Speed and Distance,36,858,Speed Test,Level 2 → Level 1 → Speed Test,2
S902,Time and Work,40,693,Level 1,Level 1 → Level 2 → Speed Test,4
S903,Time Speed and Distance,20,152,Speed Test,Speed Test → Level 1 → Level 2,1
S904,Time and Work,0,712,Level 2,Level 2 → Level 1 → Speed Test,5
S905,Time Speed and Distance,40,156,Level 1,Level 2 → Level 1 → Speed Test,1
S906,Time and Work,20,255,Level 2,Speed Test → Level 1 → Level 2,5
S907,Time and Work,20,728,Level 1,Level 1 → Level 2 → Speed Test,1
S908,Time Speed and Distance,40,239,Speed Test,Speed Test → Level 1 → Level 2,1
S909,Time and Work,24,406,Speed Test,Level 1 → Speed Test → Level 2,3
S910,Time Speed and Distance,8,288,Speed Test,Level 2 → Level 1 → Speed Test,1
S911,Percentages,24,118,Speed Test,Speed Test → Level 1 → Level 2,4
S912,Percentages,0,176,Speed Test,Level 2 → Level 1 → Speed Test,2
S913,Percentages,4,803,Level 1,Level 2 → Level 1 → Speed Test,2
S914,Percentages,40,421,Level 1,Level 1 → Level 2 → Speed Test,1
S915,Percentages,36,385,Level 2,Level 2 → Level 1 → Speed Test,4
S916,Percentages,12,666,Level 2,Level 1 → Speed Test → Level 2,1
S917,Time Speed and Distance,20,717,Speed Test,Level 2 → Level 1 → Speed Test,2
S918,Time Speed and Distance,20,891,Speed Test,Level 1 → Speed Test → Level 2,4
S919,Percentages,16,804,Speed Test,Level 1 → Level 2 → Speed Test,5
S920,Time and Work,8,125,Level 2,Level 1 → Speed Test → Level 2,2
S921,Time and Work,36,170,Level 2,Speed Test → Level 1 → Level 2,5
S922,Time Speed and Distance,8,868,Speed Test,Level 2 → Level 1 → Speed Test,4
S923,Time Speed and Distance,4,785,Speed Test,Level 1 → Speed Test → Level 2,2
S924,Time Speed and Distance,4,644,Level 2,Level 1 → Speed Test → Level 2,3
S925,Time Speed and Distance,32,159,Level 1,Level 2 → Level 1 → Speed Test,5
S926,Time and Work,24,113,Speed Test,Speed Test → Level 1 → Level 2,1
S927,Time Speed and Distance,12,646,Speed Test,Level 1 → Speed Test → Level 2,4
S928,Time Speed and Distance,8,713,Speed Test,Speed Test → Level 1 → Level 2,1
S929,Time Speed and Distance,32,578,Level 2,Speed Test → Level 1 → Level 2,1
S930,Time Speed and Distance,32,234,Level 2,Speed Test → Level 1 → Level 2,4
S931,Time Speed and Distance,20,673,Speed Test,Level 1 → Speed Test → Level 2,5
S932,Percentages,16,721,Speed Test,Level 2 → Level 1 → Speed Test,2
S933,Time Speed and Distance,40,882,Speed Test,Speed Test → Level 1 → Level 2,2
S934,Time Speed and Distance,0,765,Level 1,Level 1 → Level 2 → Speed Test,1
S935,Percentages,24,432,Speed Test,Level 2 → Level 1 → Speed Test,5
S936,Percentages,4,695,Level 2,Level 1 → Speed Test → Level 2,4
S937,Time Speed and Distance,24,192,Speed Test,Speed Test → Level 1 → Level 2,4
S938,Time Speed and Distance,0,351,Level 2,Level 1 → Speed Test → Level 2,4
S939,Time and Work,8,193,Speed Test,Speed Test → Level 1 → Level 2,5
S940,Time Speed and Distance,16,504,Speed Test,Level 2 → Level 1 → Speed Test,3
S941,Percentages,16,600,Level 1,Level 2 → Level 1 → Speed Test,5
S942,Percentages,32,159,Level 2,Level 2 → Level 1 → Speed Test,3
S943,Time and Work,12,480,Level 2,Level 1 → Speed Test → Level 2,3
S944,Percentages,12,118,Level 2,Level 2 → Level 1 → Speed Test,2
S945,Percentages,12,123,Level 1,Level 1 → Level 2 → Speed Test,4
S946,Percentages,8,541,Level 1,Level 1 → Speed Test → Level 2,4
S947,Time and Work,36,428,Speed Test,Level 1 → Speed Test → Level 2,5
S948,Time Speed and Distance,8,125,Speed Test,Speed Test → Level 1 → Level 2,4
S949,Time Speed and Distance,28,560,Speed Test,Speed Test → Level 1 → Level 2,1
S950,Time and Work,20,658,Level 2,Level 2 → Level 1 → Speed Test,2
S951,Percentages,8,664,Speed Test,Level 1 → Level 2 → Speed Test,1
S952,Time Speed and Distance,0,693,Speed Test,Speed Test → Level 1 → Level 2,4
S953,Time and Work,12,327,Level 2,Level 1 → Speed Test → Level 2,5
S954,Time and Work,8,645,Speed Test,Level 1 → Speed Test → Level 2,4
S955,Time and Work,40,528,Level 1,Level 2 → Level 1 → Speed Test,1
S956,Percentages,40,812,Level 1,Speed Test → Level 1 → Level 2,4
S957,Percentages,16,281,Speed Test,Level 2 → Level 1 → Speed Test,5
S958,Time and Work,0,670,Level 1,Level 2 → Level 1 → Speed Test,3
S959,Percentages,4,700,Level 2,Level 2 → Level 1 → Speed Test,4
S960,Time Speed and Distance,32,675,Level 1,Level 2 → Level 1 → Speed Test,5
S961,Percentages,16,720,Level 2,Level 1 → Level 2 → Speed Test,5
S962,Percentages,0,655,Level 1,Speed Test → Level 1 → Level 2,5
S963,Time Speed and Distance,0,885,Speed Test,Level 1 → Level 2 → Speed Test,5
S964,Percentages,36,136,Speed Test,Level 2 → Level 1 → Speed Test,4
S965,Percentages,20,567,Level 1,Speed Test → Level 1 → Level 2,1
S966,Percentages,36,485,Level 1,Level 2 → Level 1 → Speed Test,4
S967,Time Speed and Distance,0,721,Speed Test,Level 1 → Level 2 → Speed Test,1
S968,Percentages,24,260,Speed Test,Level 2 → Level 1 → Speed Test,3
S969,Time Speed and Distance,40,430,Level 2,Speed Test → Level 1 → Level 2,1
S970,Percentages,40,515,Level 2,Level 1 → Level 2 → Speed Test,1
S971,Percentages,40,774,Speed Test,Level 2 → Level 1 → Speed Test,4
S972,Percentages,36,154,Level 2,Level 1 → Speed Test → Level 2,5
S973,Time and Work,4,203,Speed Test,Speed Test → Level 1 → Level 2,1
S974,Time and Work,0,687,Speed Test,Speed Test → Level 1 → Level 2,3
S975,Percentages,24,398,Level 1,Level 1 → Level 2 → Speed Test,4
S976,Percentages,40,288,Level 1,Level 2 → Level 1 → Speed Test,4
S977,Percentages,28,379,Level 2,Level 2 → Level 1 → Speed Test,2
S978,Time Speed and Distance,16,749,Level 2,Speed Test → Level 1 → Level 2,1
S979,Percentages,12,765,Speed Test,Level 1 → Speed Test → Level 2,5
S980,Time Speed and Distance,40,391,Speed Test,Level 1 → Speed Test → Level 2,1
S981,Time and Work,40,616,Level 2,Level 1 → Speed Test → Level 2,1
S982,Time and Work,4,628,Speed Test,Level 1 → Level 2 → Speed Test,5
S983,Time Speed and Distance,32,875,Level 1,Level 2 → Level 1 → Speed Test,5
S984,Percentages,28,764,Level 2,Level 1 → Speed Test → Level 2,5
S985,Time Speed and Distance,36,659,Level 1,Speed Test → Level 1 → Level 2,5
S986,Time and Work,20,478,Level 2,Speed Test → Level 1 → Level 2,4
S987,Percentages,12,282,Level 1,Level 1 → Speed Test → Level 2,5
S988,Time Speed and Distance,12,374,Speed Test,Level 1 → Speed Test → Level 2,4
S989,Time Speed and Distance,16,233,Level 2,Speed Test → Level 1 → Level 2,2
S990,Percentages,20,167,Level 1,Level 1 → Speed Test → Level 2,4
S991,Time and Work,36,587,Speed Test,Level 2 → Level 1 → Speed Test,3
S992,Percentages,24,337,Level 1,Speed Test → Level 1 → Level 2,1
S993,Time and Work,16,739,Level 1,Speed Test → Level 1 → Level 2,3
S994,Time Speed and Distance,12,489,Speed Test,Level 1 → Level 2 → Speed Test,5
S995,Time Speed and Distance,36,653,Level 2,Speed Test → Level 1 → Level 2,2
S996,Time and Work,28,755,Speed Test,Level 1 → Speed Test → Level 2,2
S997,Time and Work,8,430,Speed Test,Level 1 → Level 2 → Speed Test,2
S998,Time and Work,24,146,Speed Test,Level 1 → Level 2 → Speed Test,5
S999,Time and Work,16,199,Level 1,Level 1 → Speed Test → Level 2,2
S1000,Percentages,40,511,Speed Test,Speed Test → Level 1 → Level 2,3
